;mean_R_full;mean_G_full;mean_B_full;mean_H_full;mean_S_full;mean_V_full;mean_L_full;mean_a_full;mean_b_full
tommy3_IMG_5190;164.5275549031743;164.36918622694114;163.01916074120513;49.863497817358244;9.907300965667153;165.25082602585948;171.4118997846829;127.7684390360654;128.93546142019963
