;mean_R_full;mean_G_full;mean_B_full;mean_H_full;mean_S_full;mean_V_full;mean_L_full;mean_a_full;mean_b_full
tommy2_IMG_5185;164.1123514615841;164.86268836894862;162.5453000864483;48.3448057658715;11.687328308970622;165.57680890676795;171.7657671641911;127.20598737300669;129.3544855453568
