;mean_R_full;mean_G_full;mean_B_full;mean_H_full;mean_S_full;mean_V_full;mean_L_full;mean_a_full;mean_b_full
tommy7_IMG_5205;164.98797135773893;165.81040861795196;162.74800389642633;56.322321552962116;13.38095526745399;166.69265073088135;172.78909772010388;127.0768440710555;129.7426810838013
