;mean_R_full;mean_G_full;mean_B_full;mean_H_full;mean_S_full;mean_V_full;mean_L_full;mean_a_full;mean_b_full
tommy5_IMG_5200;164.2792811347951;164.83277489095718;162.3942086316158;54.66138599537037;12.638423157435984;165.6790651479267;171.82568063548453;127.26155610121599;129.46870328173225
