;mean_R_full;mean_G_full;mean_B_full;mean_H_full;mean_S_full;mean_V_full;mean_L_full;mean_a_full;mean_b_full
tommy6_IMG_5180;163.9150460953575;163.912559366248;162.8972004985068;60.4128596022841;9.77292906905507;164.8999635184471;170.91251878777652;127.70918810460249;128.75514453526878
