fold;r2;rmse
1;0.05116379590769238;0.656407093238734
2;0.20704191108872205;0.5985290488656991
3;0.13777868206359245;0.6062516662096318
4;0.2224004835340183;0.5799154011667199
5;0.32202442946711374;0.52291151705898
6;0.1597142169101009;0.5585782726052445
7;0.34220050705241845;0.5072903921762786
