fold;r2;rmse
1;0.1657925653758343;0.6087554675939953
2;0.34471239445216695;0.6182483952568423
3;0.14090864636346256;0.5736678994053258
4;0.18693804280888837;0.6236934316084252
5;0.32478564775420393;0.5371246408600052
6;0.3074612580374948;0.5391871000279373
7;0.2801547891041335;0.704537153875217
