fold;r2;rmse
1;-0.10938642048246128;0.48008404367363605
2;0.257617219853431;0.5944795413325417
3;0.19665396935190937;0.4180412682352601
4;-0.20633018892130317;0.45771574412618266
5;0.13452885607985798;0.37898638063046497
6;0.020488758013761377;0.4948513013992786
7;0.13750007250664087;0.7648641862148758
