fold;r2;rmse
1;0.13391922504742082;0.6202760977983917
2;0.298802103062069;0.6395394269092627
3;-0.055005774909630656;0.6357235402616906
4;0.23807400836134163;0.603761956403349
5;0.45094708969634767;0.484352273660401
6;0.38704023335131044;0.5072632980725382
7;0.2539471727197473;0.7172476451852663
