fold;r2;rmse
1;-0.09246567373794634;0.7043386842584016
2;0.23431897569101334;0.5881445248770553
3;-0.08692569513536208;0.6806807910362349
4;0.2879795381484651;0.5549232089732261
5;0.27278475003755576;0.5415675989991594
6;0.21111300882827744;0.5412250984044046
7;0.14758060164321685;0.5774794471708596
