fold;r2;rmse
1;0.05302188113948736;0.4435533065081198
2;0.054373489989082646;0.6709386149268795
3;-0.022016827909706604;0.4715164555528719
4;-0.4528131318509787;0.5023051505665792
5;-0.05247095534547541;0.41792886441867766
6;0.05607014285714296;0.48578026337606006
7;0.12930354140766132;0.7684899308445909
