;mean_R_full;mean_G_full;mean_B_full;mean_H_full;mean_S_full;mean_V_full;mean_L_full;mean_a_full;mean_b_full
palmer4_IMG_5170;165.82711238015116;166.37231467639032;164.3278277780457;51.00688555821689;10.18931592846222;167.15216184458234;173.3881862729338;127.35788157828932;129.19533683591965
