;mean_R_full;mean_G_full;mean_B_full;mean_H_full;mean_S_full;mean_V_full;mean_L_full;mean_a_full;mean_b_full
palmer2_IMG_5160;165.46226408670196;165.63604722374043;164.25196417663324;59.82099262197431;10.258011541030806;166.63492866449832;172.7065397872192;127.58494765321359;128.93204880981725
