;mean_R_full;mean_G_full;mean_B_full;mean_H_full;mean_S_full;mean_V_full;mean_L_full;mean_a_full;mean_b_full
palmer1_IMG_5160;165.46226408670196;165.63604722374043;164.25196417663324;59.82099262197431;10.258011541030806;166.63492866449832;172.7065397872192;127.58494765321359;128.93204880981725
palmer1_IMG_5195;164.41145252843506;164.316353726834;163.36266760527403;49.6035706040845;8.15850079348494;165.1159536800376;171.32921726975098;127.79452384875471;128.68798007624957
