;mean_R_full;mean_G_full;mean_B_full;mean_H_full;mean_S_full;mean_V_full;mean_L_full;mean_a_full;mean_b_full
palmer3_IMG_5170;165.82711238015116;166.37231467639032;164.3278277780457;51.00688555821689;10.18931592846222;167.15216184458234;173.3881862729338;127.35788157828932;129.19533683591965
palmer3_IMG_5175;165.65780024273408;165.45144872399402;164.31800589018562;50.25224309083148;9.153058589731225;166.4107999797275;172.55215405262277;127.83027281235712;128.80739576412108
palmer3_IMG_5205;164.98797135773893;165.81040861795196;162.74800389642633;56.322321552962116;13.38095526745399;166.69265073088135;172.78909772010388;127.0768440710555;129.7426810838013
