;mean_R_full;mean_G_full;mean_B_full;mean_H_full;mean_S_full;mean_V_full;mean_L_full;mean_a_full;mean_b_full
palmer2_IMG_5165;165.63463054948275;165.1181811422968;164.1654687366041;50.27757287603238;9.366622248031694;166.1966119041495;172.25494789434018;128.00574595621856;128.7612688703847
palmer2_IMG_5200;164.2792811347951;164.83277489095718;162.3942086316158;54.66138599537037;12.638423157435984;165.6790651479267;171.82568063548453;127.26155610121599;129.46870328173225
