;mean_R_full;mean_G_full;mean_B_full;mean_H_full;mean_S_full;mean_V_full;mean_L_full;mean_a_full;mean_b_full
palmer5_IMG_5175;165.65780024273408;165.45144872399402;164.31800589018562;50.25224309083148;9.153058589731225;166.4107999797275;172.55215405262277;127.83027281235712;128.80739576412108
