;mean_R_full;mean_G_full;mean_B_full;mean_H_full;mean_S_full;mean_V_full;mean_L_full;mean_a_full;mean_b_full
palmer2_IMG_5160;165.46226408670196;165.63604722374043;164.25196417663324;59.82099262197431;10.258011541030806;166.63492866449832;172.7065397872192;127.58494765321359;128.93204880981725
palmer3_IMG_5165;165.63463054948275;165.1181811422968;164.1654687366041;50.27757287603238;9.366622248031694;166.1966119041495;172.25494789434018;128.00574595621856;128.7612688703847
palmer4_IMG_5170;165.82711238015116;166.37231467639032;164.3278277780457;51.00688555821689;10.18931592846222;167.15216184458234;173.3881862729338;127.35788157828932;129.19533683591965
palmer5_IMG_5175;165.65780024273408;165.45144872399402;164.31800589018562;50.25224309083148;9.153058589731225;166.4107999797275;172.55215405262277;127.83027281235712;128.80739576412108
